address,lat,lon,name,device_loc,ID,primaryID,ParentID,sensor_created_at,PM2.5 (ATM)|median,PM2.5 (ATM)|mean,PM2.5 (ATM)|max,PM2.5 (ATM)|sum,PM2.5 (ATM)|count,created_at|min,created_at|max,std_address,envelope
1138 PLYMOUTH,41.868892,-87.629436,AirMonitor_9dc1,outside,5588,392051,5588,2017-12-27T00:49:20Z,0.0,0.0,0.0,0.0,6768.0,2020-06-01T00:00:00Z,2020-10-19T23:30:00Z,1138 PLYMOUTH,"POLYGON ((-87.64610266666666 41.85222533333334, -87.61276933333333 41.85222533333334, -87.61276933333333 41.88555866666667, -87.64610266666666 41.88555866666667, -87.64610266666666 41.85222533333334))"
1138 PLYMOUTH B,41.868892,-87.629436,AirMonitor_9dc1_b,missing,5589,392053,5588,2017-12-27T00:49:21Z,7.48,9.814026895226855,115.35,66411.52000000012,6768.0,2020-06-01T00:00:00Z,2020-10-19T23:30:00Z,1138 PLYMOUTH,"POLYGON ((-87.64610266666666 41.85222533333334, -87.61276933333333 41.85222533333334, -87.61276933333333 41.88555866666667, -87.64610266666666 41.88555866666667, -87.64610266666666 41.85222533333334))"
6147 N Maplewood Living Room,41.993674,-87.6932,AirMonitor_a057,inside,43955,937262,43955,2019-12-13T20:31:55Z,3.74,21.163844105901415,1141.45,143088.74999999948,6768.0,2020-06-01T00:00:00Z,2020-10-19T23:30:00Z,6147 N Maplewood Living Room,"POLYGON ((-87.70986666666667 41.97700733333333, -87.67653333333334 41.97700733333333, -87.67653333333334 42.01034066666666, -87.70986666666667 42.01034066666666, -87.70986666666667 41.97700733333333))"
6147 N Maplewood Living Room B,41.993674,-87.6932,AirMonitor_a057_b,missing,43956,937264,43955,2019-12-13T20:31:56Z,3.61,21.384499334417992,1129.18,144580.60000000003,6768.0,2020-06-01T00:00:00Z,2020-10-19T23:30:00Z,6147 N Maplewood Living Room,"POLYGON ((-87.70986666666667 41.97700733333333, -87.67653333333334 41.97700733333333, -87.67653333333334 42.01034066666666, -87.70986666666667 42.01034066666666, -87.70986666666667 41.97700733333333))"
BOTY Coffee Shop,41.80837,-87.67698,AirMonitor_a012,outside,12909,537228,12909,2018-07-11T22:42:08Z,9.815000000000001,12.43463406735751,255.57,76796.29999999999,6691.0,2020-06-01T00:00:00Z,2020-10-19T22:30:00Z,BOTY Coffee Shop,"POLYGON ((-87.69364666666667 41.79170333333333, -87.66031333333333 41.79170333333333, -87.66031333333333 41.82503666666666, -87.69364666666667 41.82503666666666, -87.69364666666667 41.79170333333333))"
BOTY Coffee Shop B,41.80837,-87.67698,AirMonitor_a012_b,missing,12910,537230,12909,2018-07-11T22:42:09Z,9.1,13.483392191802993,4185.96,83232.97999999988,6691.0,2020-06-01T00:00:00Z,2020-10-19T22:30:00Z,BOTY Coffee Shop,"POLYGON ((-87.69364666666667 41.79170333333333, -87.66031333333333 41.79170333333333, -87.66031333333333 41.82503666666666, -87.69364666666667 41.82503666666666, -87.69364666666667 41.79170333333333))"
Beke-Sato Office,41.993644,-87.693041,AirMonitor_a5e4,inside,45359,950255,45359,2020-01-02T19:50:30Z,2.51,18.797628698224823,1103.58,127071.96999999981,6768.0,2020-06-01T00:00:00Z,2020-10-19T23:30:00Z,Beke-Sato Office,"POLYGON ((-87.70970766666666 41.97697733333334, -87.67637433333333 41.97697733333334, -87.67637433333333 42.01031066666667, -87.70970766666666 42.01031066666667, -87.70970766666666 41.97697733333334))"
Beke-Sato Office B,41.993644,-87.693041,AirMonitor_a5e4_b,missing,45360,950257,45359,2020-01-02T19:50:31Z,,,,0.0,6768.0,2020-06-01T00:00:00Z,2020-10-19T23:30:00Z,Beke-Sato Office,"POLYGON ((-87.70970766666666 41.97697733333334, -87.67637433333333 41.97697733333334, -87.67637433333333 42.01031066666667, -87.70970766666666 42.01031066666667, -87.70970766666666 41.97697733333334))"
Bridgeport SW,41.829361,-87.650137,AirMonitor_61c0,outside,36281,838316,36281,2019-08-01T14:48:45Z,7.785,10.356356553620538,187.5,45195.14000000003,4386.0,2020-07-20T15:00:00Z,2020-10-19T23:30:00Z,Bridgeport SW,"POLYGON ((-87.66680366666667 41.81269433333333, -87.63347033333334 41.81269433333333, -87.63347033333334 41.84602766666666, -87.66680366666667 41.84602766666666, -87.66680366666667 41.81269433333333))"
Bridgeport SW B,41.829361,-87.650137,AirMonitor_61c0_b,missing,36282,838318,36281,2019-08-01T14:48:46Z,6.63,9.647786434463786,192.63,42102.93999999996,4386.0,2020-07-20T15:00:00Z,2020-10-19T23:30:00Z,Bridgeport SW,"POLYGON ((-87.66680366666667 41.81269433333333, -87.63347033333334 41.81269433333333, -87.63347033333334 41.84602766666666, -87.66680366666667 41.84602766666666, -87.66680366666667 41.81269433333333))"
CFD Eng 65,41.817572,-87.699566,AirMonitor_9a95,outside,51953,1034918,51953,2020-04-09T20:28:58Z,0.0,5.286573705179278,71.68,11942.36999999999,2261.0,2020-06-01T00:00:00Z,2020-10-16T20:30:00Z,CFD Eng 65,"POLYGON ((-87.71623266666667 41.80090533333333, -87.68289933333334 41.80090533333333, -87.68289933333334 41.83423866666666, -87.71623266666667 41.83423866666666, -87.71623266666667 41.80090533333333))"
CFD Eng 65 B,41.817572,-87.699566,AirMonitor_9a95_b,missing,51954,1034920,51953,2020-04-09T20:28:59Z,9.7,15.581247787610646,4114.55,35213.62000000006,2262.0,2020-06-01T00:00:00Z,2020-10-16T20:30:00Z,CFD Eng 65,"POLYGON ((-87.71623266666667 41.80090533333333, -87.68289933333334 41.80090533333333, -87.68289933333334 41.83423866666666, -87.71623266666667 41.83423866666666, -87.71623266666667 41.80090533333333))"
CPS Burr Elem,41.911945,-87.668633,AirMonitor_29b1,outside,52011,1035070,52011,2020-04-09T22:50:05Z,4998.54,4771.690847382425,5057.37,32266173.509999957,6768.0,2020-06-01T00:00:00Z,2020-10-19T23:30:00Z,CPS Burr Elem,"POLYGON ((-87.68529966666667 41.89527833333334, -87.65196633333333 41.89527833333334, -87.65196633333333 41.92861166666667, -87.68529966666667 41.92861166666667, -87.68529966666667 41.89527833333334))"
CPS Burr Elem B,41.911945,-87.668633,AirMonitor_29b1_b,missing,52012,1035072,52011,2020-04-09T22:50:05Z,7.98,10.203790298728224,83.09,68998.03000000025,6768.0,2020-06-01T00:00:00Z,2020-10-19T23:30:00Z,CPS Burr Elem,"POLYGON ((-87.68529966666667 41.89527833333334, -87.65196633333333 41.89527833333334, -87.65196633333333 41.92861166666667, -87.68529966666667 41.92861166666667, -87.68529966666667 41.89527833333334))"
Chicago Ridge,41.701207,-87.779518,AirMonitor_9ab8,inside,57645,1082249,57645,2020-06-15T21:07:35Z,18.92,45.99537901127497,897.75,265163.3600000002,5772.0,2020-06-15T21:00:00Z,2020-10-19T23:30:00Z,Chicago Ridge,"POLYGON ((-87.79618466666666 41.68454033333333, -87.76285133333333 41.68454033333333, -87.76285133333333 41.71787366666666, -87.79618466666666 41.71787366666666, -87.79618466666666 41.68454033333333))"
Chicago Ridge B,41.701207,-87.779518,AirMonitor_9ab8_b,missing,57646,1082251,57645,2020-06-15T21:07:35Z,,,,0.0,5772.0,2020-06-15T21:00:00Z,2020-10-19T23:30:00Z,Chicago Ridge,"POLYGON ((-87.79618466666666 41.68454033333333, -87.76285133333333 41.68454033333333, -87.76285133333333 41.71787366666666, -87.79618466666666 41.71787366666666, -87.79618466666666 41.68454033333333))"
Ducktown,41.829173,-87.677909,AirMonitor_7abd,outside,43849,936518,43849,2019-12-12T22:05:25Z,8.84,12.270715675999375,538.3,81956.10999999983,6681.0,2020-06-01T00:00:00Z,2020-10-19T23:30:00Z,Ducktown,"POLYGON ((-87.69457566666667 41.81250633333333, -87.66124233333333 41.81250633333333, -87.66124233333333 41.84583966666666, -87.69457566666667 41.84583966666666, -87.69457566666667 41.81250633333333))"
Ducktown B,41.829173,-87.677909,AirMonitor_7abd_b,missing,43850,936520,43849,2019-12-12T22:05:26Z,0.74,134.4587917352897,5002.07,898050.27,6681.0,2020-06-01T00:00:00Z,2020-10-19T23:30:00Z,Ducktown,"POLYGON ((-87.69457566666667 41.81250633333333, -87.66124233333333 41.81250633333333, -87.66124233333333 41.84583966666666, -87.69457566666667 41.84583966666666, -87.69457566666667 41.81250633333333))"
Edgewater,41.991683,-87.656908,AirMonitor_9baa,outside,57441,1078598,57441,2020-06-09T20:15:30Z,7.85,10.576987270155614,269.02,59823.440000000155,5680.0,2020-06-09T20:00:00Z,2020-10-19T23:30:00Z,Edgewater,"POLYGON ((-87.67357466666667 41.97501633333334, -87.64024133333334 41.97501633333334, -87.64024133333334 42.00834966666667, -87.67357466666667 42.00834966666667, -87.67357466666667 41.97501633333334))"
Edgewater B,41.991683,-87.656908,AirMonitor_9baa_b,missing,57442,1078600,57441,2020-06-09T20:15:31Z,7.6850000000000005,10.448988684582753,277.07,59099.480000000054,5679.0,2020-06-09T20:00:00Z,2020-10-19T23:30:00Z,Edgewater,"POLYGON ((-87.67357466666667 41.97501633333334, -87.64024133333334 41.97501633333334, -87.64024133333334 42.00834966666667, -87.67357466666667 42.00834966666667, -87.67357466666667 41.97501633333334))"
Edgewater Condo Indoor,41.991751,-87.657232,AirMonitor_9a44,inside,57579,1080067,57579,2020-06-11T18:26:57Z,0.85,2.092157587548655,308.52,10753.690000000086,5151.0,2020-06-11T18:00:00Z,2020-10-19T23:30:00Z,Edgewater Condo Indoor,"POLYGON ((-87.67389866666666 41.97508433333333, -87.64056533333333 41.97508433333333, -87.64056533333333 42.00841766666667, -87.67389866666666 42.00841766666667, -87.67389866666666 41.97508433333333))"
Edgewater Condo Indoor B,41.991751,-87.657232,AirMonitor_9a44_b,missing,57580,1080069,57579,2020-06-11T18:26:58Z,,,,0.0,5151.0,2020-06-11T18:00:00Z,2020-10-19T23:30:00Z,Edgewater Condo Indoor,"POLYGON ((-87.67389866666666 41.97508433333333, -87.64056533333333 41.97508433333333, -87.64056533333333 42.00841766666667, -87.67389866666666 42.00841766666667, -87.67389866666666 41.97508433333333))"
LVEJO_2,41.814712,-87.727484,AirMonitor_f7fc,outside,5772,395501,5772,2018-01-03T00:18:20Z,9.96,13.150339458112718,441.86,84451.47999999988,6470.0,2020-06-01T00:00:00Z,2020-10-13T21:30:00Z,LVEJO_2,"POLYGON ((-87.74415066666667 41.79804533333333, -87.71081733333334 41.79804533333333, -87.71081733333334 41.83137866666667, -87.74415066666667 41.83137866666667, -87.74415066666667 41.79804533333333))"
LVEJO_2 B,41.814712,-87.727484,AirMonitor_f7fc_b,missing,5773,395504,5772,2018-01-03T00:18:21Z,9.93,13.144468151378266,449.27,84400.62999999984,6470.0,2020-06-01T00:00:00Z,2020-10-13T21:30:00Z,LVEJO_2,"POLYGON ((-87.74415066666667 41.79804533333333, -87.71081733333334 41.79804533333333, -87.71081733333334 41.83137866666667, -87.74415066666667 41.83137866666667, -87.74415066666667 41.79804533333333))"
LVEJO_Location3,41.834072,-87.718255,AirMonitor_ad20,outside,5534,391908,5534,2017-12-26T23:09:40Z,8.83,11.412918179876092,362.42,53423.86999999999,6459.0,2020-06-01T00:00:00Z,2020-10-19T23:30:00Z,LVEJO_Location3,"POLYGON ((-87.73492166666666 41.81740533333333, -87.70158833333333 41.81740533333333, -87.70158833333333 41.85073866666666, -87.73492166666666 41.85073866666666, -87.73492166666666 41.81740533333333))"
LVEJO_Location3 B,41.834072,-87.718255,AirMonitor_ad20_b,missing,5535,391914,5534,2017-12-26T23:09:41Z,9.24,11.986150395214718,361.7,56107.17000000009,6459.0,2020-06-01T00:00:00Z,2020-10-19T23:30:00Z,LVEJO_Location3,"POLYGON ((-87.73492166666666 41.81740533333333, -87.70158833333333 41.81740533333333, -87.70158833333333 41.85073866666666, -87.73492166666666 41.85073866666666, -87.73492166666666 41.81740533333333))"
LVEJO_Location4,41.853763,-87.693032,AirMonitor_9cd4,outside,5554,391960,5554,2017-12-26T23:41:50Z,11.52,1249.1256091051787,5281.13,7956930.129999988,6372.0,2020-06-01T00:00:00Z,2020-10-11T17:30:00Z,LVEJO_Location4,"POLYGON ((-87.70969866666667 41.83709633333333, -87.67636533333334 41.83709633333333, -87.67636533333334 41.87042966666667, -87.70969866666667 41.87042966666667, -87.70969866666667 41.83709633333333))"
LVEJO_Location4 B,41.853763,-87.693032,AirMonitor_9cd4_b,missing,5555,391962,5554,2017-12-26T23:41:51Z,6.665,462.3045729984302,5713.67,2944880.1300000004,6372.0,2020-06-01T00:00:00Z,2020-10-11T17:30:00Z,LVEJO_Location4,"POLYGON ((-87.70969866666667 41.83709633333333, -87.67636533333334 41.83709633333333, -87.67636533333334 41.87042966666667, -87.70969866666667 41.87042966666667, -87.70969866666667 41.83709633333333))"
Logan Square,41.914445,-87.694901,AirMonitor_d015,outside,59671,1099934,59671,2020-07-15T21:12:41Z,6.68,10.247886517438824,323.3,19686.18999999998,1956.0,2020-07-15T21:00:00Z,2020-10-19T23:30:00Z,Logan Square,"POLYGON ((-87.71156766666667 41.89777833333333, -87.67823433333334 41.89777833333333, -87.67823433333334 41.93111166666667, -87.71156766666667 41.93111166666667, -87.71156766666667 41.89777833333333))"
Logan Square B,41.914445,-87.694901,AirMonitor_d015_b,missing,59672,1099936,59671,2020-07-15T21:12:42Z,7.44,11.728511192087451,372.84,22530.469999999994,1956.0,2020-07-15T21:00:00Z,2020-10-19T23:30:00Z,Logan Square,"POLYGON ((-87.71156766666667 41.89777833333333, -87.67823433333334 41.89777833333333, -87.67823433333334 41.93111166666667, -87.71156766666667 41.93111166666667, -87.71156766666667 41.89777833333333))"
Marshall Blvd / Little Village,41.849535,-87.695218,AirMonitor_1d8e,outside,12923,537256,12923,2018-07-11T22:43:45Z,0.0,0.0,0.0,0.0,6680.0,2020-06-01T00:00:00Z,2020-10-19T23:30:00Z,Marshall Blvd / Little Village,"POLYGON ((-87.71188466666666 41.83286833333334, -87.67855133333333 41.83286833333334, -87.67855133333333 41.86620166666667, -87.71188466666666 41.86620166666667, -87.71188466666666 41.83286833333334))"
Marshall Blvd / Little Village B,41.849535,-87.695218,AirMonitor_1d8e_b,missing,12924,537258,12923,2018-07-11T22:43:46Z,8.01,11.006449004043708,371.21,73490.05999999984,6679.0,2020-06-01T00:00:00Z,2020-10-19T23:30:00Z,Marshall Blvd / Little Village,"POLYGON ((-87.71188466666666 41.83286833333334, -87.67855133333333 41.83286833333334, -87.67855133333333 41.86620166666667, -87.71188466666666 41.86620166666667, -87.71188466666666 41.83286833333334))"
McKinley Park Central,41.831385,-87.678529,AirMonitor_598,outside,11314,504782,11314,2018-05-25T17:36:24Z,7.18,9.513967455621303,215.6,64314.42000000001,6767.0,2020-06-01T00:00:00Z,2020-10-19T23:30:00Z,McKinley Park Central,"POLYGON ((-87.69519566666666 41.81471833333333, -87.66186233333333 41.81471833333333, -87.66186233333333 41.84805166666666, -87.69519566666666 41.84805166666666, -87.69519566666666 41.81471833333333))"
McKinley Park Central B,41.831385,-87.678529,AirMonitor_598_b,missing,11315,504788,11314,2018-05-25T17:36:27Z,5.3,6.929591534704753,122.55,46823.250000000015,6766.0,2020-06-01T00:00:00Z,2020-10-19T23:30:00Z,McKinley Park Central,"POLYGON ((-87.69519566666666 41.81471833333333, -87.66186233333333 41.81471833333333, -87.66186233333333 41.84805166666666, -87.69519566666666 41.84805166666666, -87.69519566666666 41.81471833333333))"
Mulford Manor,42.0225,-87.763718,AirMonitor_a844,outside,4404,366382,4404,2017-11-17T02:57:49Z,8.08,10.885498891352592,424.23,73640.40000000029,6768.0,2020-06-01T00:00:00Z,2020-10-19T23:30:00Z,Mulford Manor,"POLYGON ((-87.78038466666666 42.00583333333334, -87.74705133333333 42.00583333333334, -87.74705133333333 42.03916666666667, -87.78038466666666 42.03916666666667, -87.78038466666666 42.00583333333334))"
Mulford Manor B,42.0225,-87.763718,AirMonitor_a844_b,missing,4405,366384,4404,2017-11-17T02:57:50Z,8.55,11.560365114560257,401.67,78205.87000000014,6768.0,2020-06-01T00:00:00Z,2020-10-19T23:30:00Z,Mulford Manor,"POLYGON ((-87.78038466666666 42.00583333333334, -87.74705133333333 42.00583333333334, -87.74705133333333 42.03916666666667, -87.78038466666666 42.03916666666667, -87.78038466666666 42.00583333333334))"
Mulford Manor In,42.022638,-87.763515,AirMonitor_a558,inside,45079,948534,45079,2019-12-30T16:54:38Z,0.08,0.9637354028085849,82.8,6519.670000000077,6768.0,2020-06-01T00:00:00Z,2020-10-19T23:30:00Z,Mulford Manor In,"POLYGON ((-87.78018166666666 42.00597133333333, -87.74684833333333 42.00597133333333, -87.74684833333333 42.03930466666667, -87.78018166666666 42.03930466666667, -87.78018166666666 42.00597133333333))"
Mulford Manor In B,42.022638,-87.763515,AirMonitor_a558_b,missing,45080,948536,45079,2019-12-30T16:54:39Z,,,,0.0,6768.0,2020-06-01T00:00:00Z,2020-10-19T23:30:00Z,Mulford Manor In,"POLYGON ((-87.78018166666666 42.00597133333333, -87.74684833333333 42.00597133333333, -87.74684833333333 42.03930466666667, -87.78018166666666 42.03930466666667, -87.78018166666666 42.00597133333333))"
NEIU 1,41.980272,-87.717115,AirMonitor_c980,outside,55759,1062355,55759,2020-05-18T18:07:08Z,7.51,10.124157647539315,98.77,49578.00000000003,4901.0,2020-06-11T17:30:00Z,2020-10-19T23:30:00Z,NEIU 1,"POLYGON ((-87.73378166666667 41.96360533333333, -87.70044833333334 41.96360533333333, -87.70044833333334 41.99693866666667, -87.73378166666667 41.99693866666667, -87.73378166666667 41.96360533333333))"
NEIU 1 B,41.980272,-87.717115,AirMonitor_c980_b,missing,55760,1062357,55759,2020-05-18T18:07:09Z,6.82,9.586169083112111,90.61,46943.47000000001,4901.0,2020-06-11T17:30:00Z,2020-10-19T23:30:00Z,NEIU 1,"POLYGON ((-87.73378166666667 41.96360533333333, -87.70044833333334 41.96360533333333, -87.70044833333334 41.99693866666667, -87.73378166666667 41.99693866666667, -87.73378166666667 41.96360533333333))"
NEIU 2,41.980277,-87.717093,AirMonitor_29c7,outside,55735,1062275,55735,2020-05-18T16:26:31Z,1.49,3.4795544455544496,111.01,17415.17000000002,5008.0,2020-06-11T18:00:00Z,2020-10-19T23:30:00Z,NEIU 2,"POLYGON ((-87.73375966666667 41.96361033333334, -87.70042633333334 41.96361033333334, -87.70042633333334 41.99694366666667, -87.73375966666667 41.99694366666667, -87.73375966666667 41.96361033333334))"
NEIU 2 B,41.980277,-87.717093,AirMonitor_29c7_b,missing,55736,1062277,55735,2020-05-18T16:26:32Z,7.61,10.639810189810198,114.07,53252.250000000044,5008.0,2020-06-11T18:00:00Z,2020-10-19T23:30:00Z,NEIU 2,"POLYGON ((-87.73375966666667 41.96361033333334, -87.70042633333334 41.96361033333334, -87.70042633333334 41.99694366666667, -87.73375966666667 41.99694366666667, -87.73375966666667 41.96361033333334))"
NEIU 3,41.98028,-87.717046,AirMonitor_3932,outside,55755,1062347,55755,2020-05-18T18:06:53Z,5.15,7.322137862137889,84.12,36647.300000000134,5008.0,2020-06-11T18:00:00Z,2020-10-19T23:30:00Z,NEIU 3,"POLYGON ((-87.73371266666666 41.96361333333333, -87.70037933333333 41.96361333333333, -87.70037933333333 41.99694666666667, -87.73371266666666 41.99694666666667, -87.73371266666666 41.96361333333333))"
NEIU 3 B,41.98028,-87.717046,AirMonitor_3932_b,missing,55756,1062349,55755,2020-05-18T18:06:54Z,6.61,9.309414585414599,94.5,46593.62000000007,5008.0,2020-06-11T18:00:00Z,2020-10-19T23:30:00Z,NEIU 3,"POLYGON ((-87.73371266666666 41.96361333333333, -87.70037933333333 41.96361333333333, -87.70037933333333 41.99694666666667, -87.73371266666666 41.99694666666667, -87.73371266666666 41.96361333333333))"
ODE,41.884367,-87.616524,AirMonitor_7dc9,inside,36901,842906,36901,2019-08-08T16:51:11Z,3.81,5.893244161986434,993.46,39873.69000000021,6768.0,2020-06-01T00:00:00Z,2020-10-19T23:30:00Z,ODE,"POLYGON ((-87.63319066666666 41.86770033333333, -87.59985733333333 41.86770033333333, -87.59985733333333 41.90103366666666, -87.63319066666666 41.90103366666666, -87.63319066666666 41.86770033333333))"
ODE B,41.884367,-87.616524,AirMonitor_7dc9_b,missing,36902,842908,36901,2019-08-08T16:51:12Z,3.72,5.996520839491583,1133.02,40572.46000000005,6768.0,2020-06-01T00:00:00Z,2020-10-19T23:30:00Z,ODE,"POLYGON ((-87.63319066666666 41.86770033333333, -87.59985733333333 41.86770033333333, -87.59985733333333 41.90103366666666, -87.63319066666666 41.90103366666666, -87.63319066666666 41.86770033333333))"
"Otis, Chicago",41.861,-87.6632,AirMonitor_394c,outside,41581,912494,41581,2019-11-15T22:07:45Z,8.45,11.602469408565582,152.01,68268.92999999989,5891.0,2020-06-01T00:00:00Z,2020-10-19T23:30:00Z,"Otis, Chicago","POLYGON ((-87.67986666666667 41.84433333333333, -87.64653333333334 41.84433333333333, -87.64653333333334 41.87766666666666, -87.67986666666667 41.87766666666666, -87.67986666666667 41.84433333333333))"
"Otis, Chicago B",41.861,-87.6632,AirMonitor_394c_b,missing,41582,912496,41581,2019-11-15T22:07:45Z,8.58,11.844940516655324,157.51,69695.62999999993,5891.0,2020-06-01T00:00:00Z,2020-10-19T23:30:00Z,"Otis, Chicago","POLYGON ((-87.67986666666667 41.84433333333333, -87.64653333333334 41.84433333333333, -87.64653333333334 41.87766666666666, -87.67986666666667 41.87766666666666, -87.67986666666667 41.84433333333333))"
SASA_PA2_SL_W,41.861205,-87.629891,AirMonitor_f6e1,outside,8476,444929,8476,2018-03-09T20:40:07Z,8.75,11.64612594536192,97.85,75455.24999999988,6749.0,2020-06-01T00:00:00Z,2020-10-19T23:30:00Z,SASA_PA2_SL_W,"POLYGON ((-87.64655766666667 41.84453833333333, -87.61322433333333 41.84453833333333, -87.61322433333333 41.87787166666666, -87.64655766666667 41.87787166666666, -87.64655766666667 41.84453833333333))"
SASA_PA2_SL_W B,41.861205,-87.629891,AirMonitor_f6e1_b,missing,8477,444931,8476,2018-03-09T20:40:09Z,9.65,12.596021023342121,108.81,81483.66000000018,6740.0,2020-06-01T00:00:00Z,2020-10-19T23:30:00Z,SASA_PA2_SL_W,"POLYGON ((-87.64655766666667 41.84453833333333, -87.61322433333333 41.84453833333333, -87.61322433333333 41.87787166666666, -87.64655766666667 41.87787166666666, -87.64655766666667 41.84453833333333))"
SETF_SV1,41.72017,-87.551366,AirMonitor_2a5,outside,7910,433612,7910,2018-02-23T21:19:37Z,4998.31,3577.1467968750003,6615.4,13736243.700000001,5105.0,2020-06-01T00:00:00Z,2020-10-11T21:30:00Z,SETF_SV1,"POLYGON ((-87.56803266666667 41.70350333333334, -87.53469933333334 41.70350333333334, -87.53469933333334 41.73683666666667, -87.56803266666667 41.73683666666667, -87.56803266666667 41.70350333333334))"
SETF_SV1 B,41.72017,-87.551366,AirMonitor_2a5_b,missing,7911,433614,7910,2018-02-23T21:19:39Z,8.44,10.679764582788351,77.97,40828.73999999987,5029.0,2020-06-01T00:00:00Z,2020-10-11T21:30:00Z,SETF_SV1,"POLYGON ((-87.56803266666667 41.70350333333334, -87.53469933333334 41.70350333333334, -87.53469933333334 41.73683666666667, -87.56803266666667 41.73683666666667, -87.56803266666667 41.70350333333334))"
Sheffield Neighbors ,41.919745,-87.65742,AirMonitor_4575,outside,12981,538009,12981,2018-07-12T20:35:09Z,8.24,10.741433670434208,92.16,72225.39999999962,6766.0,2020-06-01T00:00:00Z,2020-10-19T23:30:00Z,Sheffield Neighbors ,"POLYGON ((-87.67408666666667 41.90307833333333, -87.64075333333334 41.90307833333333, -87.64075333333334 41.93641166666666, -87.67408666666667 41.93641166666666, -87.67408666666667 41.90307833333333))"
Sheffield Neighbors  B,41.919745,-87.65742,AirMonitor_4575_b,missing,12982,538011,12981,2018-07-12T20:35:12Z,8.205,10.714611260053683,85.59,71937.90000000043,6766.0,2020-06-01T00:00:00Z,2020-10-19T23:30:00Z,Sheffield Neighbors ,"POLYGON ((-87.67408666666667 41.90307833333333, -87.64075333333334 41.90307833333333, -87.64075333333334 41.93641166666666, -87.67408666666667 41.93641166666666, -87.67408666666667 41.90307833333333))"
Studio Gang,41.903514,-87.665978,AirMonitor_d0ab,outside,58865,1092386,58865,2020-07-01T19:44:57Z,7.97,10.838834759710318,222.31,32928.37999999995,3039.0,2020-07-01T19:30:00Z,2020-10-19T23:30:00Z,Studio Gang,"POLYGON ((-87.68264466666666 41.88684733333334, -87.64931133333333 41.88684733333334, -87.64931133333333 41.92018066666667, -87.68264466666666 41.92018066666667, -87.68264466666666 41.88684733333334))"
Studio Gang B,41.903514,-87.665978,AirMonitor_d0ab_b,missing,58866,1092388,58865,2020-07-01T19:44:58Z,7.64,10.658699802501658,226.19,32381.130000000037,3039.0,2020-07-01T19:30:00Z,2020-10-19T23:30:00Z,Studio Gang,"POLYGON ((-87.68264466666666 41.88684733333334, -87.64931133333333 41.88684733333334, -87.64931133333333 41.92018066666667, -87.68264466666666 41.92018066666667, -87.68264466666666 41.88684733333334))"
Studio Gang Green Roof,41.9036,-87.665812,AirMonitor_fb16,outside,58827,1092306,58827,2020-07-01T19:27:42Z,0.0,4.143599828986753,272.69,9691.880000000016,2385.0,2020-07-01T19:00:00Z,2020-10-19T23:30:00Z,Studio Gang Green Roof,"POLYGON ((-87.68247866666667 41.88693333333333, -87.64914533333334 41.88693333333333, -87.64914533333334 41.92026666666666, -87.68247866666667 41.92026666666666, -87.68247866666667 41.88693333333333))"
Studio Gang Green Roof B,41.9036,-87.665812,AirMonitor_fb16_b,missing,58828,1092308,58827,2020-07-01T19:27:43Z,12.1,23.651094017094035,495.64,55343.56000000004,2367.0,2020-07-01T19:00:00Z,2020-10-19T23:30:00Z,Studio Gang Green Roof,"POLYGON ((-87.68247866666667 41.88693333333333, -87.64914533333334 41.88693333333333, -87.64914533333334 41.92026666666666, -87.68247866666667 41.92026666666666, -87.68247866666667 41.88693333333333))"
The Heart of Riverside,41.83212,-87.812948,AirMonitor_5923,outside,10416,492787,10416,2018-05-10T17:04:00Z,7.78,10.640429338103726,339.27,71375.9999999998,6716.0,2020-06-01T00:00:00Z,2020-10-19T23:30:00Z,The Heart of Riverside,"POLYGON ((-87.82961466666667 41.81545333333334, -87.79628133333334 41.81545333333334, -87.79628133333334 41.84878666666667, -87.82961466666667 41.84878666666667, -87.82961466666667 41.81545333333334))"
The Heart of Riverside B,41.83212,-87.812948,AirMonitor_5923_b,missing,10417,492789,10416,2018-05-10T17:04:01Z,7.11,9.792419499105582,314.18,65687.55000000025,6716.0,2020-06-01T00:00:00Z,2020-10-19T23:30:00Z,The Heart of Riverside,"POLYGON ((-87.82961466666667 41.81545333333334, -87.79628133333334 41.81545333333334, -87.79628133333334 41.84878666666667, -87.82961466666667 41.84878666666667, -87.82961466666667 41.81545333333334))"
Ukrainian Village,41.892698,-87.685693,AirMonitor_4e6f,outside,3499,334460,3499,2017-09-20T21:12:58Z,8.3,10.920357828591353,110.15,62562.72999999986,5775.0,2020-06-01T00:00:00Z,2020-10-19T23:30:00Z,Ukrainian Village,"POLYGON ((-87.70235966666667 41.87603133333334, -87.66902633333333 41.87603133333334, -87.66902633333333 41.90936466666667, -87.70235966666667 41.90936466666667, -87.70235966666667 41.87603133333334))"
Ukrainian Village B,41.892698,-87.685693,AirMonitor_4e6f_b,missing,3500,334462,3499,2017-09-20T21:13:01Z,6.03,56.49901553499747,5001.49,323682.8600000005,5775.0,2020-06-01T00:00:00Z,2020-10-19T23:30:00Z,Ukrainian Village,"POLYGON ((-87.70235966666667 41.87603133333334, -87.66902633333333 41.87603133333334, -87.66902633333333 41.90936466666667, -87.70235966666667 41.90936466666667, -87.70235966666667 41.87603133333334))"
West Humboldt Park,41.902525,-87.736138,AirMonitor_8327,outside,56135,1064392,56135,2020-05-20T21:32:06Z,8.66,11.537732615083247,310.53,47120.09999999998,4084.0,2020-07-19T00:00:00Z,2020-10-19T23:30:00Z,West Humboldt Park,"POLYGON ((-87.75280466666666 41.88585833333333, -87.71947133333333 41.88585833333333, -87.71947133333333 41.91919166666666, -87.75280466666666 41.91919166666666, -87.75280466666666 41.88585833333333))"
West Humboldt Park B,41.902525,-87.736138,AirMonitor_8327_b,missing,56136,1064394,56135,2020-05-20T21:32:07Z,9.14,12.11165319617932,318.51,49451.880000000165,4084.0,2020-07-19T00:00:00Z,2020-10-19T23:30:00Z,West Humboldt Park,"POLYGON ((-87.75280466666666 41.88585833333333, -87.71947133333333 41.88585833333333, -87.71947133333333 41.91919166666666, -87.75280466666666 41.91919166666666, -87.75280466666666 41.88585833333333))"
West Lawn,41.767763,-87.730133,AirMonitor_6cf,outside,39173,865861,39173,2019-09-17T19:43:11Z,7.91,11.164940454037954,398.24,60000.38999999996,6332.0,2020-06-01T00:00:00Z,2020-10-19T23:30:00Z,West Lawn,"POLYGON ((-87.74679966666666 41.75109633333334, -87.71346633333333 41.75109633333334, -87.71346633333333 41.78442966666667, -87.74679966666666 41.78442966666667, -87.74679966666666 41.75109633333334))"
West Lawn B,41.767763,-87.730133,AirMonitor_6cf_b,missing,39174,865867,39173,2019-09-17T19:43:12Z,5.01,35.63913440059567,5005.9,191453.42999999996,6318.0,2020-06-01T00:00:00Z,2020-10-19T23:30:00Z,West Lawn,"POLYGON ((-87.74679966666666 41.75109633333334, -87.71346633333333 41.75109633333334, -87.71346633333333 41.78442966666667, -87.74679966666666 41.78442966666667, -87.74679966666666 41.75109633333334))"
West Rogers Park,41.996,-87.692,AirMonitor_a270,outside,4395,366354,4395,2017-11-17T02:56:55Z,7.66,10.168195625759417,198.31,66947.4,6645.0,2020-06-01T00:00:00Z,2020-10-19T23:30:00Z,West Rogers Park,"POLYGON ((-87.70866666666666 41.97933333333334, -87.67533333333333 41.97933333333334, -87.67533333333333 42.01266666666667, -87.70866666666666 42.01266666666667, -87.70866666666666 41.97933333333334))"
West Rogers Park B,41.996,-87.692,AirMonitor_a270_b,missing,4396,366357,4395,2017-11-17T02:56:55Z,7.97,10.549848162769479,196.88,69481.29999999978,6646.0,2020-06-01T00:00:00Z,2020-10-19T23:30:00Z,West Rogers Park,"POLYGON ((-87.70866666666666 41.97933333333334, -87.67533333333333 41.97933333333334, -87.67533333333333 42.01266666666667, -87.70866666666666 42.01266666666667, -87.70866666666666 41.97933333333334))"
West of St Ann School,41.856613,-87.681799,AirMonitor_9a83,inside,6546,411802,6546,2018-01-26T02:50:13Z,5.29,8.539912812176722,643.39,57789.58999999987,6768.0,2020-06-01T00:00:00Z,2020-10-19T23:30:00Z,West of St Ann School,"POLYGON ((-87.69846566666666 41.83994633333334, -87.66513233333333 41.83994633333334, -87.66513233333333 41.87327966666667, -87.69846566666666 41.87327966666667, -87.69846566666666 41.83994633333334))"
West of St Ann School B,41.856613,-87.681799,AirMonitor_9a83_b,missing,6547,411805,6546,2018-01-26T02:50:14Z,,,,0.0,6768.0,2020-06-01T00:00:00Z,2020-10-19T23:30:00Z,West of St Ann School,"POLYGON ((-87.69846566666666 41.83994633333334, -87.66513233333333 41.83994633333334, -87.66513233333333 41.87327966666667, -87.69846566666666 41.87327966666667, -87.69846566666666 41.83994633333334))"
